transaction_id;card_present;trx_vel_last_1mths;trx_vel_last_2mths;amt_vel_last_1mths;amt_vel_last_2mths
96ac4e19ab6c;1;5;7;476.0262;632.6047
407c9cb4f0c2;1;1;1;122.10172;122.10172
67759ce5bbb5;1;2;2;323.8489;323.8489
050394a5159a;1;3;3;448.85083;448.85083
97e3dcf826a3;0;1;1;151.34964;151.34964
3eadfbc235a3;1;2;2;233.47025;233.47025
aac74c3ee622;1;3;3;391.80566;391.80566
8089d7605cdc;0;6;8;571.4044;727.9829
19e5393c0d31;1;2;6;175.6206;879.8873
f3520fbdab25;1;1;1;27.853296;27.853296
